cell_id,row,col,relative_x,relative_y,lon,lat
0,0,0,61.451808479148895,85.5139744146727,-8.629101225459406,52.66066875540026
0,0,0,92.86843487550505,97.1752743468387,-8.628638359132783,52.66077602453214
0,0,0,46.842562534613535,28.88592982850969,-8.62930985550121,52.66015866855242
1,0,1,111.44322810624726,40.46757906046696,-8.62835649513897,52.66026782417937
1,0,1,144.69605863303877,82.39364504802506,-8.627870388025283,52.660647236632464
1,0,1,115.75488968251739,89.27121981198434,-8.628299054367623,52.66070678128409
2,0,2,262.4701156038791,43.44323618803173,-8.626124564418097,52.66030638217984
2,0,2,296.2579984444892,50.128386438591406,-8.625626006547654,52.660369101916736
2,0,2,254.83273273834493,73.26431014947593,-8.626241282416187,52.6605738006106
3,0,3,383.0896535991924,41.78104349295609,-8.62434148438355,52.66030084892737
3,0,3,389.2537590768188,97.5991502123652,-8.624257520411543,52.660802990490986
3,0,3,366.332316299784,13.488456948194653,-8.624585548575194,52.660045266047085
4,0,4,403.96052661933936,50.28557847614866,-8.624034082339701,52.6603789076251
4,0,4,425.9340801059734,98.54543053323869,-8.623715466522366,52.660814349675995
4,0,4,486.7641676031053,91.2581828305265,-8.622815400497045,52.660753584472545
5,0,5,566.5760120233754,10.565532848937437,-8.621625407023094,52.66003455774025
5,0,5,597.5969877355965,73.21837631007656,-8.621174873756965,52.6606000505518
5,0,5,564.5627413558541,31.906952169607393,-8.621657886057198,52.66022620638725
6,0,6,691.8107915183064,65.53526047582272,-8.619781320221115,52.660538289697705
6,0,6,647.6474267604062,95.30766571860295,-8.620437888032905,52.66080245192758
6,0,6,628.9772053633351,88.77154932171106,-8.62071302216073,52.660742263946474
7,0,7,725.4885635947576,11.702185978880152,-8.619276690797715,52.66005707011565
7,0,7,785.7265629761387,47.19199884112459,-8.618390823554648,52.66038068198033
7,0,7,738.4991677826038,48.594316333765164,-8.619089067692713,52.660389640802705
8,0,8,800.4089762702351,34.962208777084015,-8.618172252735237,52.66027189957234
8,0,8,853.4139445117908,77.25372162519488,-8.617394145955961,52.66065607623023
8,0,8,875.6948041165015,13.646853168029338,-8.617056760810076,52.660086127990446
9,0,9,920.7441904622829,82.18835888360627,-8.61639955772975,52.66070560628735
9,0,9,936.6987466195133,42.96777477662545,-8.616158775425358,52.66035433957415
9,0,9,907.6583159291185,46.30622387654148,-8.616588442918859,52.66038211130292
10,0,10,1042.0823782316875,3.5679840511875227,-8.614596137515012,52.660008323884895
10,0,10,1050.0043277502991,75.87093618931249,-8.61448815737882,52.66065875037676
10,0,10,1073.7601308509475,81.81591737107374,-8.614137770231663,52.66071400068162
11,0,11,1183.5918071134947,53.20578030322213,-8.612510744348594,52.66046526969514
11,0,11,1197.4305189119186,16.416705977520905,-8.612301573916916,52.660135686485816
11,0,11,1182.511968691717,14.508592333178967,-8.612521843665613,52.660117397946074
12,0,12,1280.3827546109678,65.94724970695097,-8.611081673807192,52.660587168425536
12,0,12,1209.9571534066927,65.63809153984766,-8.61212259900686,52.66057901797626
12,0,12,1200.3630130431848,45.934800477931276,-8.612261935983353,52.6604012029937
13,0,13,1307.6753427489894,13.094626229954883,-8.610671640547736,52.66011423701875
13,0,13,1305.5961680334294,34.03388880996499,-8.61070499550715,52.6603022694213
13,0,13,1349.5418100323295,55.867705001612194,-8.610058169068392,52.66050184532491
14,1,0,84.73912218224723,174.39007461594883,-8.628768477484984,52.661469349469805
14,1,0,44.51630912243854,119.54747143620625,-8.629355942898002,52.6609732999147
14,1,0,46.998054701136425,152.38101826771162,-8.629323498235681,52.66126858377067
15,1,1,181.2984384013107,146.56164405227173,-8.627337624366563,52.66122680697033
15,1,1,136.23105875065085,167.73048509901855,-8.628006501966505,52.66141353241939
15,1,1,145.26439085113816,135.23671926232055,-8.627868792929789,52.6611222044932
16,1,2,217.44560301676393,121.65766794793308,-8.626800123321686,52.661005811204895
16,1,2,249.2956208589021,129.74133750330657,-8.626330382069693,52.66108095152067
16,1,2,210.16879586596042,168.8269709907472,-8.626913748433877,52.66142917309941
17,1,3,343.7016382414149,199.2007211340824,-8.624943854055077,52.661712579380406
17,1,3,394.61177239206154,139.50574771559332,-8.624183688490513,52.66118004043046
17,1,3,398.41861734027043,138.45364450279158,-8.624127284019528,52.66117088106131
18,1,4,422.0800166283734,100.99229712004308,-8.623772746845205,52.66083604091612
18,1,4,429.8420895524323,176.46909293811768,-8.623667670272486,52.661514987541565
18,1,4,491.38157497462817,110.86523333971854,-8.622749654795022,52.66093016025598
19,1,5,512.839557023719,150.90405850228854,-8.622437593409945,52.66129167287796
19,1,5,561.7321207114728,187.837727552047,-8.621719609983707,52.66162740526255
19,1,5,512.7202977087582,101.27932773379143,-8.622433020472684,52.660845664447336
20,1,6,641.3418794268509,150.0311440185178,-8.620538056284973,52.66129378799543
20,1,6,664.7896220588591,190.6417060374515,-8.620196635360513,52.661660587199364
20,1,6,672.6454173414968,101.53768356249202,-8.620069182724007,52.66086037761697
21,1,7,762.1954122821335,150.58807482151315,-8.618751758990738,52.661308133118425
21,1,7,737.7896353687393,117.26440560782794,-8.619108275528617,52.66100675459064
21,1,7,789.5122230037814,112.77579867118038,-8.618343185921836,52.66097040473935
22,1,8,882.5417847272474,147.87555765919387,-8.616972543025883,52.66129302830784
22,1,8,823.6907631888753,153.81216154061258,-8.617843188086102,52.661341851537365
22,1,8,825.8428657145705,149.1979354803916,-8.617810792507742,52.66130054726386
23,1,9,982.9962629410438,174.37329653743654,-8.615491043290758,52.661538895870684
23,1,9,904.5150517461589,151.59533145686146,-8.616648220727452,52.661328149936104
23,1,9,922.51273826533,152.03614061814733,-8.616382247562175,52.6613334955488
24,1,10,1017.4473812225042,131.70540014654398,-8.614976426650173,52.66115806379248
24,1,10,1006.6030387701467,141.96208228892647,-8.615138013515622,52.66124941334854
24,1,10,1007.6765558028128,181.85708542831708,-8.615127179333077,52.66160805003206
25,1,11,1189.128606685903,114.06145317282062,-8.612436549569956,52.6610126302528
25,1,11,1124.5324919943232,112.57361618219875,-8.613391169526533,52.66099432054827
25,1,11,1135.0526715465821,140.3362354458077,-8.613239161030224,52.66124464049225
26,1,12,1267.7345466668485,117.99201216222718,-8.61127515304426,52.66105395438097
26,1,12,1250.5193547890522,152.99621734092943,-8.61153400513548,52.66136724041482
26,1,12,1230.6014033082174,113.21694069099613,-8.611823426341354,52.66100820643267
27,1,13,1340.877876765211,152.9671041839756,-8.610198383919126,52.661373862880794
27,1,13,1334.7292753248475,151.1592100324342,-8.610289042019195,52.661357146544056
27,1,13,1300.2670097985538,142.38275401550345,-8.610797339825897,52.66127564434323
28,2,0,14.621864564251155,233.4212682750076,-8.62981252739659,52.66199438474379
28,2,0,28.744459735811688,284.3500615344383,-8.6296103520852,52.66245321252972
28,2,0,2.3475923876976594,240.86583363369573,-8.629994921224153,52.66206032791729
29,2,1,182.8790245061973,247.20757137436885,-8.627327212268161,52.662131478692984
29,2,1,139.6010757519398,256.7199804688571,-8.627968151538408,52.662213582958884
29,2,1,184.82615718385205,291.14325419429224,-8.627304084181992,52.66252649979244
30,2,2,203.15383350895718,253.4192371466197,-8.627028318632993,52.662188891523265
30,2,2,210.780039921985,229.2653519641608,-8.626912485430408,52.66197240654938
30,2,2,260.2345443632221,294.150255280314,-8.626189809337923,52.662559419557084
31,2,3,382.60050248750485,216.98342380439863,-8.624371152249141,52.66187543072298
31,2,3,336.33037647116,294.9164806600893,-8.625065083827284,52.662572243626705
31,2,3,350.10727308585774,250.46834586327896,-8.624855740982774,52.66217384291482
32,2,4,441.33874516235664,213.14304432785138,-8.623502424836543,52.66184548641842
32,2,4,455.39766397420317,243.5443659966113,-8.623298500718429,52.66211980939688
32,2,4,434.95844949770253,219.30654935725033,-8.623597523182365,52.66190038432643
33,2,5,560.4724974178243,238.5825866961386,-8.621744700643358,52.662083373844844
33,2,5,543.7812762787798,250.43251150206197,-8.621992934197143,52.662188579731286
33,2,5,525.1343398015015,246.42049953108653,-8.622268052845833,52.66215107516892
34,2,6,659.3720511532156,241.69505472388119,-8.620283210308076,52.662119007030135
34,2,6,676.7630147218006,295.06791303132195,-8.62003293333525,52.66260003749815
34,2,6,613.1453026259551,206.85012796532828,-8.620962074344893,52.661802262224796
35,2,7,757.5653240742395,202.11527626996394,-8.61882673813592,52.66177087358304
35,2,7,734.0992964684265,201.94450471526943,-8.619173577771436,52.66176752716995
35,2,7,723.6141008723062,299.36592666152865,-8.61934094050757,52.66264228666713
36,2,8,855.3367344564758,260.6563150592847,-8.617388950701347,52.66230454511192
36,2,8,813.6243367728312,297.30684186401777,-8.618010173254987,52.662630726127226
36,2,8,878.7935864581959,291.7154677443905,-8.617046151912726,52.66258549322588
37,2,9,964.2935771459015,258.2697070564609,-8.615778091317736,52.66229147445829
37,2,9,967.4570145026082,267.76668880484067,-8.61573253012461,52.662377071022576
37,2,9,974.4191264347173,215.74077854992356,-8.615623048806865,52.66191002549168
38,2,10,1085.499783291365,267.6928663062863,-8.613987654790035,52.66238545975474
38,2,10,1093.720471143024,224.06768526998349,-8.613860646214025,52.6619940100559
38,2,10,1078.6183605247643,221.90271968219895,-8.61408360556963,52.66197339609526
39,2,11,1153.0777055448852,211.31780771538615,-8.61298165311705,52.66188396232928
39,2,11,1174.0567057176959,291.6827136533102,-8.612681652416306,52.66260784155289
39,2,11,1188.7689655524446,231.84338970656972,-8.61245666205503,52.66207116249592
40,2,12,1219.0886078379117,247.60653027123772,-8.612010469771054,52.66221514813276
40,2,12,1298.375288149924,284.0452472700272,-8.610843051801469,52.662548685649504
40,2,12,1222.8967966275522,233.8075317183975,-8.611952446510307,52.66209142093886
41,2,13,1353.348628320964,218.71739825455006,-8.610022277046179,52.66196573978984
41,2,13,1302.8446195751894,293.4754600248998,-8.610778168937149,52.66263377973997
41,2,13,1305.631495230482,238.65880990750156,-8.610730106711548,52.662141329831194
42,3,0,80.5388429062441,351.04091946338303,-8.628853349686068,52.66305665625774
42,3,0,62.508114789030515,376.13745454722084,-8.62912311566485,52.663280794952875
42,3,0,26.87017655186355,330.5864278343506,-8.629644028845139,52.66286861112188
43,3,1,197.27729847840965,325.5827723531984,-8.627124466036994,52.66283699646153
43,3,1,131.3723149758298,309.6464040654246,-8.628096604397786,52.662688610722576
43,3,1,142.05936646205373,324.8377157646464,-8.627940588294347,52.66282597859234
44,3,2,289.97172071354,367.65371167182457,-8.625759679214188,52.66322234829412
44,3,2,287.148709082976,358.0171051477082,-8.62580017159862,52.663135519648286
44,3,2,227.6333884045016,371.2707499599783,-8.626681622805787,52.66324998731952
45,3,3,328.9282319340855,393.8063838958042,-8.625187182082712,52.66346043259376
45,3,3,308.5617841195781,379.6518186115427,-8.625486422282119,52.66333163099132
45,3,3,380.4128575521754,352.4355565664591,-8.624420838171735,52.663092627208336
46,3,4,441.0770453516161,356.31372479884885,-8.62352460480289,52.66313220305454
46,3,4,483.0976566756144,336.0837206772994,-8.622900876509801,52.66295365342925
46,3,4,480.9204449588433,356.99701936438214,-8.62293573203904,52.663141441165585
47,3,5,586.9022608770756,305.5510565050645,-8.621362564132271,52.66268729760833
47,3,5,514.7887141216779,396.43708876590244,-8.622440131280339,52.66349853648993
47,3,5,567.5439605560387,367.2421850034734,-8.621656580161872,52.663240242124296
48,3,6,614.7315524142468,380.53846683492884,-8.62096075087333,52.66336339822234
48,3,6,662.7788836157415,369.7287029956933,-8.620249141832856,52.663269965167494
48,3,6,676.9593540034257,357.44549076189287,-8.62003796482561,52.663160667353125
49,3,7,751.3168096310692,304.1047389002051,-8.618932048493638,52.66268701564971
49,3,7,745.3191762409406,366.33289991831407,-8.619028605772382,52.66324582453213
49,3,7,729.6346143569099,315.04794397426303,-8.619253939022341,52.66278369288591
50,3,8,839.5238066905877,338.2735796921188,-8.617632524860399,52.66300090803923
50,3,8,806.0681425045477,319.42589861736633,-8.618124671394355,52.66282893740012
50,3,8,857.7313256970374,358.3641411747085,-8.617365928454214,52.66318287307867
51,3,9,924.3817889066413,344.66406494099647,-8.61637897517524,52.66306487233541
51,3,9,973.1812185790623,387.0404688256094,-8.615662980168933,52.66344947727531
51,3,9,970.4928000125801,394.03273479337804,-8.615703603518375,52.66351211344132
52,3,10,1066.2515816804953,313.4295576773584,-8.614277937987266,52.66279504163046
52,3,10,1052.492557439371,331.9739478707779,-8.614483658421221,52.66296065407597
52,3,10,1063.915818212903,314.97643448458984,-8.614312659666941,52.66280876515011
53,3,11,1195.3093678606674,346.72408696089406,-8.612374415505247,52.66310414684212
53,3,11,1135.1562898831908,313.98815073096193,-8.613259473596923,52.66280533662256
53,3,11,1136.824474433437,372.54279935907107,-8.61324218075854,52.66333172119933
54,3,12,1276.6710219676606,354.67489884456154,-8.61117273279827,52.66318181241536
54,3,12,1292.8833327393513,304.32220098772086,-8.61092677338497,52.66273050541966
54,3,12,1239.185091342777,336.6672608491499,-8.611724587192331,52.663017110895325
55,3,13,1319.0712823444046,300.93244889902417,-8.610539244546096,52.66270203494991
55,3,13,1323.8843042158987,372.0821631650906,-8.610477009534064,52.66334185627211
55,3,13,1311.907036937424,330.1298815468326,-8.610648802076135,52.66296389997261
56,4,0,6.497136504971422,427.1800378963817,-8.62995766063264,52.66373513831284
56,4,0,50.919163567130454,481.2164984671399,-8.629307987484127,52.664224275181006
56,4,0,11.742993945837952,482.3741529119434,-8.629887247930682,52.66423160317053
57,4,1,127.73485141864512,445.64888209011406,-8.628167897230824,52.6639106377544
57,4,1,187.77860048622824,490.3215602650307,-8.627286071665292,52.66431683101525
57,4,1,113.93549144500867,439.847184178303,-8.628371133178366,52.66385741412483
58,4,2,211.5421821550699,409.46615461597685,-8.626924393523897,52.66359200776182
58,4,2,212.6237322962843,490.6930285327835,-8.626918852198099,52.66432211281145
58,4,2,207.91834800248034,413.853263158584,-8.626978525357131,52.663631153209266
59,4,3,368.0858699239325,467.5561399657745,-8.624617804407828,52.664126305244636
59,4,3,309.5858756999951,441.5691738046007,-8.625479228729747,52.66388818868791
59,4,3,387.9506102325395,474.7181615800364,-8.624325077022021,52.66419222060044
60,4,4,465.3968101349892,465.9331245649373,-8.623179126420109,52.664119290742114
60,4,4,437.3389229372842,496.9667389281094,-8.623597853850624,52.66439602167474
60,4,4,473.5011461629765,414.791917362134,-8.623052789933679,52.66366029245643
61,4,5,553.8485392068978,418.0252601050306,-8.621865502901342,52.6636955896698
61,4,5,540.9642815163825,410.2149123061681,-8.622054962195957,52.6636243952148
61,4,5,532.0597423409345,465.027757742675,-8.622193585528283,52.66411633110653
62,4,6,673.6462845280766,467.5682774152374,-8.62010094637119,52.66415013281638
62,4,6,601.3022917103954,422.2439774387749,-8.621164575866068,52.663737183598954
62,4,6,620.6355500672944,480.0444189168047,-8.620886151949492,52.66425815882654
63,4,7,788.2986279822653,438.01443103526253,-8.618402380021966,52.663893374634796
63,4,7,731.2296659944113,416.04768308484927,-8.619243191010378,52.663691545147294
63,4,7,710.994982900098,489.22870001068804,-8.619551602414411,52.66434769182387
64,4,8,831.8058722420828,483.66123036446515,-8.617765034392498,52.66430697647977
64,4,8,893.933944369317,444.15073306299746,-8.616841639779704,52.66395666157398
64,4,8,841.8656104165129,447.1145224547945,-8.61761169808413,52.663979290104265
65,4,9,969.2928138792049,409.74375646200497,-8.615723326158102,52.66365322323645
65,4,9,907.8440341835376,499.0609624031931,-8.616642964535806,52.6644512341012
65,4,9,924.4259018747834,446.17894358257763,-8.6163911589505,52.66397723502957
66,4,10,1027.3060134745901,400.724863064941,-8.61486463333622,52.663576618422354
66,4,10,1084.243907221593,417.0522536857752,-8.614025031256876,52.663727723437866
66,4,10,1002.8887774057221,408.3791311099194,-8.615226536033164,52.66364353769403
67,4,11,1122.9040025079157,456.9865405623568,-8.613458579334749,52.664089590114585
67,4,11,1127.2401880603284,468.0234247817425,-8.613395869672546,52.66418911529656
67,4,11,1194.7378132243175,427.2404981267173,-8.612392978870234,52.66382774048613
68,4,12,1294.795001451159,475.45805554499384,-8.610919962235226,52.66426872659461
68,4,12,1264.961029635393,474.70012066408526,-8.611360881581064,52.66425964063216
68,4,12,1272.5629977029748,490.98163700907025,-8.611250548706122,52.66440654957831
69,4,13,1331.7043325789273,410.45237736275885,-8.610366218293285,52.663687302179994
69,4,13,1329.7975768379401,413.6034552749479,-8.610394798701414,52.663715477189285
69,4,13,1340.0285737779923,426.6292266132077,-8.610245193651936,52.663833324503294
70,5,0,66.65086872281972,582.3032300928608,-8.629088483431339,52.66513401871491
70,5,0,50.65345041861292,535.8616963159293,-8.629318970004716,52.66471537370421
70,5,0,86.11304146796465,589.0188670303905,-8.628801649538287,52.665195901682516
71,5,1,138.1192976188613,516.3739714842523,-8.628023504796133,52.664547087558354
71,5,1,123.4049286552472,524.7368563829223,-8.628242095351473,52.664621095564314
71,5,1,146.2068898397265,512.7611061461503,-8.62790348590912,52.66451525064818
72,5,2,265.14847556862514,518.8740233720746,-8.626146037327533,52.664579491878946
72,5,2,215.11780910007656,564.4420103020966,-8.626891468402912,52.66498512123045
72,5,2,254.92546294338536,579.3169781864854,-8.626304923412818,52.66512191994804
73,5,3,316.06112143280916,547.0142294889083,-8.625397038850025,52.664836373593154
73,5,3,303.8871612105286,547.357315656729,-8.625577043729653,52.66483850731924
73,5,3,396.4489314062521,551.7998298316961,-8.624209323348577,52.66488564832685
74,5,4,469.3853399294894,579.8995262830285,-8.623134735620994,52.66514386590951
74,5,4,453.7980996692786,591.3877398122568,-8.623366623941155,52.66524590374734
74,5,4,429.57835208636243,562.0961190835806,-8.623720906380822,52.66498076376023
75,5,5,578.5896784026409,500.14939886983484,-8.621510248201362,52.66443559337916
75,5,5,566.5696527074324,538.7880503812339,-8.621692859862272,52.664781923796895
75,5,5,502.96589926513843,587.392502269242,-8.62263928633562,52.665213817377165
76,5,6,631.363814421813,545.7608741316944,-8.620735932260745,52.664849611893274
76,5,6,647.5500387458596,515.8555654109223,-8.620492853359092,52.664582092778666
76,5,6,673.7371982174227,577.7787434213096,-8.620113622519408,52.665140649372574
77,5,7,762.6759501908673,572.568390510045,-8.618798218473978,52.66510069322355
77,5,7,732.8172947238199,589.6386900873622,-8.61924177403726,52.66525180615709
77,5,7,703.6170715679182,524.3672455248889,-8.619665131670915,52.66466292712857
78,5,8,870.4502375328448,501.27103908662684,-8.617196011983339,52.66446821977957
78,5,8,855.633553045569,555.0134567943169,-8.617421844288494,52.664950085786394
78,5,8,859.0444016958354,545.3148823491065,-8.617370195070164,52.664863183078474
79,5,9,992.2361511272611,559.272131093312,-8.615403053105785,52.66499886266295
79,5,9,913.4310266835382,575.013753753854,-8.616569982686876,52.66513428506992
79,5,9,980.0174046325264,515.6815944446716,-8.61557817223115,52.66460615717301
80,5,10,1094.5373080506688,598.7019376310054,-8.613895749191306,52.66536107851278
80,5,10,1081.9918184644775,534.3708682360593,-8.614073100558969,52.66478194578565
80,5,10,1058.746523130918,500.6226121572545,-8.61441246930501,52.66447685430605
81,5,11,1104.4716161665274,528.060085090925,-8.613739999382691,52.66472694922242
81,5,11,1130.2736965779914,510.7690512002446,-8.613356406046918,52.664573521459374
81,5,11,1169.2730764372973,598.706586602144,-8.612790956833239,52.66536683755681
82,5,12,1213.4058961985866,504.4672838553088,-8.6121267221773,52.664523237926694
82,5,12,1212.0253106340533,569.2255926784128,-8.612155262886162,52.665105144539275
82,5,12,1282.8191807548283,506.29987368383445,-8.611100858703937,52.66454500329964
83,5,13,1330.0722972601652,568.5216848893324,-8.610410136537409,52.66510781838924
83,5,13,1336.511377420742,546.3197436550399,-8.610312170571628,52.66490876969804
83,5,13,1355.1681601839373,534.8980003177421,-8.610034947127497,52.664807537174205
84,6,0,52.237871287507005,639.8070003525354,-8.629308967870498,52.66564969812572
84,6,0,74.77860898699146,645.7247046492994,-8.62897651837667,52.66570465179738
84,6,0,14.045279799029231,655.9967893329449,-8.629875649680244,52.665792203395576
85,6,1,172.73155345756095,680.6323268667329,-8.627533000689079,52.666026056858975
85,6,1,144.35053737834096,620.0805689974222,-8.627944751983465,52.66547963058902
85,6,1,165.12641844677273,625.0405374737456,-8.627638268010932,52.66552583470613
86,6,2,293.4617057045689,600.6360631883144,-8.625737996708603,52.66531653256757
86,6,2,209.9439259415958,677.1026750564342,-8.62698244219511,52.665997245727
86,6,2,289.5652410060866,622.086843209574,-8.625798350502004,52.66550901573413
87,6,3,301.18012644629925,605.2402325721923,-8.625624489290455,52.66535851453068
87,6,3,343.6615691301413,620.7286940622143,-8.624998488239436,52.665501029163316
87,6,3,313.85767229052726,686.9651912822155,-8.625447568208225,52.66609400059707
88,6,4,481.33882431231905,669.9642602681415,-8.622969543063412,52.66595424529254
88,6,4,414.5335765433265,606.3000322094886,-8.623948963869141,52.665376872685684
88,6,4,445.96571936435066,674.7292284280993,-8.623493066958178,52.66599432042833
89,6,5,550.2251432230696,603.532668888336,-8.621942732206715,52.66536254407035
89,6,5,589.8897062826436,686.4279029006138,-8.621366952641935,52.666110634793704
89,6,5,538.1813187530497,651.3216870672768,-8.62212687088779,52.665791110187754
90,6,6,667.445512832026,621.8192669678247,-8.620212233265134,52.665535974051565
90,6,6,617.6770906153833,657.9824926946312,-8.62095255126064,52.665857136427434
90,6,6,608.0714979165932,633.5771926344605,-8.621091439097585,52.66563705140319
91,6,7,739.6030814574333,650.1956780470209,-8.619149154328658,52.66579658229588
91,6,7,793.5611088699661,606.9279143450549,-8.618346015667823,52.66541188014957
91,6,7,710.0033761758823,666.6252965972526,-8.619588808702096,52.66594195580555
92,6,8,842.734835814219,619.5595162492245,-8.617620697815193,52.665529196130905
92,6,8,891.7368671415607,656.2299630283378,-8.616900956503025,52.66586254214524
92,6,8,825.8859876907663,683.8708442769712,-8.617877921262131,52.66610589202879
93,6,9,911.7179166147253,628.5491016732994,-8.616602078824666,52.665615299104985
93,6,9,901.7786305575864,611.0266703739762,-8.616746791537205,52.66545705281146
93,6,9,901.9285183711909,610.1018761964515,-8.616744458784165,52.6654487528087
94,6,10,1046.2760863972362,636.6394193664892,-8.614613961371466,52.66569834206926
94,6,10,1087.269352606032,639.9469362209784,-8.61400838423085,52.66573120912681
94,6,10,1084.7987147112144,620.6349901278736,-8.614042474341918,52.665557454861606
95,6,11,1116.6656516093062,636.8127634183038,-8.613573430802527,52.665705291379105
95,6,11,1125.5180744866375,670.576500111958,-8.613446816673871,52.66600941851638
95,6,11,1173.4547428329242,699.0819650345948,-8.612741758372735,52.666269275522275
96,6,12,1292.5823493736098,624.5631078472361,-8.610971358692142,52.665608632362584
96,6,12,1249.6803884197725,691.5441821505083,-8.611613971669128,52.66620735032083
96,6,12,1260.5902674505487,609.5341949834256,-8.611442404154948,52.665471121898214
97,6,13,1323.1825148569187,668.727455575834,-8.610524535917227,52.66600788824688
97,6,13,1336.5540466508828,686.859618727467,-8.610329136553764,52.66617186822478
97,6,13,1349.1202663755976,689.295622284757,-8.610143675876861,52.66619471813854
98,7,0,26.450778630678542,730.9598237961764,-8.629701946440386,52.66646690193886
98,7,0,43.162830530432984,735.0589605973801,-8.629455421864318,52.66650505491684
98,7,0,39.58000752120279,729.8269237568602,-8.629507711000379,52.66645775111819
99,7,1,135.95452604652382,763.9201485029189,-8.628087401564093,52.666771719690004
99,7,1,198.71737187204417,708.0034451665124,-8.627152378218375,52.666274085934326
99,7,1,157.22536110784858,765.5931721316883,-8.62777316842048,52.66678842179596
100,7,2,266.1440351952333,741.662097267108,-8.626159938814107,52.666581860597745
100,7,2,291.25724092510063,733.7583189200377,-8.625787674826828,52.666512786739496
100,7,2,265.9489799228031,718.4548217890551,-8.626159841064137,52.666373271762545
101,7,3,343.2562248946633,718.5684397068108,-8.625017025679233,52.66638032501888
101,7,3,348.73887865711004,741.716457508388,-8.624938943641592,52.66658879347653
101,7,3,377.383500449243,791.5356563450769,-8.62452187236584,52.667038771814575
102,7,4,410.8896339267958,762.9861284977524,-8.62402288980822,52.66678479399048
102,7,4,440.77013329672627,728.1268008411862,-8.623576703620703,52.66647382318958
102,7,4,463.0634698247304,712.2237172164023,-8.623245107800392,52.666332628822126
103,7,5,529.681079311762,789.2193466328317,-8.622270132257425,52.66702979607175
103,7,5,557.9349389013369,760.7762158664409,-8.62184882127439,52.66677635761252
103,7,5,526.8593935561366,744.1112741999095,-8.622306086669745,52.666624171459034
104,7,6,660.8575994777493,705.2363441726193,-8.620320236032084,52.66628516985698
104,7,6,640.5872630545637,784.1196974122431,-8.620629935270374,52.666992559936865
104,7,6,671.1138302846812,793.7846557172015,-8.620179885171657,52.66708178530196
105,7,7,781.738649797393,752.3994446084835,-8.618539242573542,52.66671838439171
105,7,7,788.3245814780239,730.9813890284859,-8.618439164613228,52.66652639904763
105,7,7,751.5803745529847,707.8616311548976,-8.618979419375814,52.66631577615806
106,7,8,861.4393608839018,711.9309792503482,-8.617355893517791,52.66636081955298
106,7,8,877.0801458236529,760.7077102010371,-8.617130851717732,52.666800401542176
106,7,8,843.3425343934214,751.3019103998085,-8.6176284072487,52.66671326955645
107,7,9,924.8564013651339,750.5227965321392,-8.616423281126655,52.666712540651865
107,7,9,994.2986224334454,782.2259890164714,-8.61540071240658,52.66700280584638
107,7,9,972.6335888777394,702.5167285876814,-8.615710922045132,52.66628476021345
108,7,10,1024.4468009225093,775.2288429767359,-8.614954143011971,52.666942232680604
108,7,10,1093.8479798317421,773.1392207798781,-8.613927909445124,52.6669287711002
108,7,10,1093.705999017926,750.2173015022418,-8.613927121260422,52.666722750779286
109,7,11,1173.1662964959396,720.9052404240938,-8.612748765863525,52.66646538898536
109,7,11,1114.2562664652942,714.739621249726,-8.613618858097347,52.66640547033238
109,7,11,1183.857678625849,774.1369329764275,-8.612597405028541,52.666944622931595
110,7,12,1256.0795205519535,764.4075744153233,-8.611528515076706,52.666862694369705
110,7,12,1213.6440116689773,702.741956326412,-8.612148101598358,52.66630523949824
110,7,12,1214.1221824104432,762.5063379027415,-8.612148538450016,52.66684240519736
111,7,13,1315.0355092658428,798.2184496099362,-8.610661194890756,52.66717106152093
111,7,13,1301.0691942964913,796.0712072241586,-8.610867393585186,52.66715069934036
111,7,13,1357.1900067415554,773.7272293918068,-8.610034948255676,52.66695415705965
112,8,0,81.64823107654229,892.0742757379776,-8.628906751583344,52.66791923719422
112,8,0,82.96822258795146,842.0694954679348,-8.628880785587663,52.667469926951725
112,8,0,66.09413753880654,852.2787853062619,-8.629131558358825,52.66756035822942
113,8,1,196.4429253009148,898.1962613154901,-8.627210474804505,52.66798325077906
113,8,1,157.05704066785984,896.7665559351444,-8.627792551757173,52.66796731875736
113,8,1,124.86188587336801,874.4173081163317,-8.628265627678152,52.66776393476167
114,8,2,271.6857874406269,842.671758597251,-8.626090989525506,52.66749010985801
114,8,2,261.0658167487709,852.9380649377126,-8.626249307172763,52.66758154804162
114,8,2,246.63065795158036,831.5346189463744,-8.626459956441986,52.66738805851742
115,8,3,382.80080186307896,881.491634753882,-8.62445331210223,52.667847666332555
115,8,3,310.6821423433721,802.5187319222605,-8.62550934034313,52.66713228152047
115,8,3,362.6591440481134,802.1797271496616,-8.624740909561934,52.66713328743529
116,8,4,478.58309865067713,876.0996480104513,-8.62303662876623,52.66780665806921
116,8,4,419.9199107841123,893.9029304237338,-8.623906151903094,52.66796210177526
116,8,4,485.81010450120084,817.5459533242974,-8.622922305320264,52.66728097258831
117,8,5,575.9951370066265,881.6562950144289,-8.621597251055453,52.66786415928865
117,8,5,597.3943094135029,821.6760804263176,-8.621273251535168,52.66732675002099
117,8,5,504.0054854421178,824.8998694502516,-8.62265425745585,52.66734847878696
118,8,6,640.2511373049347,805.0919740200043,-8.620637574710635,52.66718102081689
118,8,6,638.1000128780724,838.7122155923862,-8.620673656510013,52.66748301389533
118,8,6,682.7525486366358,814.6006839744514,-8.620010475372338,52.66726976812704
119,8,7,730.1697001920547,813.1632001649123,-8.61930931172919,52.66726051368123
119,8,7,724.9136016161647,870.8512574974447,-8.619394344968919,52.66777857519323
119,8,7,727.4029341911664,876.6326953568496,-8.61935827870434,52.66783072778843
120,8,8,888.5322406189516,865.8978308708174,-8.616974868888942,52.66774667255862
120,8,8,808.7193116918206,891.3409611512907,-8.61815800574797,52.667969193149794
120,8,8,847.5256735086441,801.9492712799693,-8.617572984608277,52.66716878175234
121,8,9,956.7136475177249,844.6114583453164,-8.615964222424292,52.66756060520843
121,8,9,903.3478869396495,883.1412670993013,-8.616758024525469,52.667902786790556
121,8,9,949.7770849209046,810.506053940393,-8.616062457557152,52.66725355200271
122,8,10,1085.3814646940446,821.7115915669128,-8.614059190693734,52.66736466411002
122,8,10,1034.048888930818,806.0022345513571,-8.614816075266614,52.66721954314921
122,8,10,1017.2660913901636,898.8898509570863,-8.615075901655407,52.66805307778542
123,8,11,1108.0944659257075,858.2172812233912,-8.613728013611679,52.66769449603265
123,8,11,1126.8552544716513,837.2867767369607,-8.61344803033416,52.66750782013286
123,8,11,1186.6408792609582,822.7436789680505,-8.612562369093961,52.667381686042184
124,8,12,1258.9515076345997,822.3708492297446,-8.611493329816733,52.66738385527682
124,8,12,1284.9643455755431,871.5614987700246,-8.61111494068913,52.66782793702253
124,8,12,1259.3903677958297,842.2152417191537,-8.611489331605584,52.6675622391621
125,8,13,1325.2589171662694,840.3899631906534,-8.610515341714155,52.66755085440303
125,8,13,1301.154761786689,865.7109028694686,-8.610874856543443,52.66777658896261
125,8,13,1330.0699638468213,821.2874132738216,-8.610441825648612,52.667379537562304
126,9,0,51.53225441474933,995.1277880781563,-8.62936527723656,52.66884305860043
126,9,0,43.22240479069296,963.4498485197546,-8.62948403688927,52.66855770344681
126,9,0,23.778393513639458,967.9894178101094,-8.629772077597515,52.668596975418154
127,9,1,114.41109465959016,931.5892099266639,-8.628427497498704,52.66827694341149
127,9,1,135.25721665960737,902.8453594349558,-8.62811561262421,52.668020244039646
127,9,1,194.87642588105518,980.842370831524,-8.627244269038949,52.668725903382764
128,9,2,203.8657874801429,966.5529455109499,-8.627109533993998,52.66859818156878
128,9,2,285.76535080140457,986.5481779314578,-8.625901322458999,52.66878428711574
128,9,2,237.1319903563708,975.3787281822879,-8.626618870886238,52.66868010363456
129,9,3,374.61685351852793,938.0953876785934,-8.624581552656437,52.668355750725084
129,9,3,304.9202113649808,988.8278589356923,-8.625618433972976,52.66880627063788
129,9,3,347.4973349838983,960.6910701135639,-8.624985375037161,52.668556714251544
130,9,4,492.56462700257543,967.0321274523158,-8.62284155360625,52.668624993342945
130,9,4,416.6883003191324,983.5085552103119,-8.623965397662655,52.66876717401595
130,9,4,423.903405354009,933.341525668744,-8.62385230987825,52.668316863149336
131,9,5,547.1462327765767,948.6857353001833,-8.622032292481805,52.66846434405317
131,9,5,543.6825410177698,963.4885138485115,-8.622085387932312,52.6685971141956
131,9,5,541.3728778926888,946.2613223002991,-8.622117334427873,52.66844210685329
132,9,6,615.5535848336294,915.9898764719255,-8.621016814283019,52.66817579551863
132,9,6,627.8383733474184,989.1801111558452,-8.62084452407571,52.668834538991774
132,9,6,648.7147875683149,967.5340469396906,-8.620533135316949,52.66864161276465
133,9,7,706.5389671493322,931.0843502833741,-8.619673643363974,52.668318496123185
133,9,7,768.3385242219083,990.4283919392619,-8.618767555269972,52.66885661978804
133,9,7,754.2841827081284,980.3915830069454,-8.618974057412066,52.66876532976092
134,9,8,897.3243427121779,924.5635247576283,-8.616852315963888,52.668274603283606
134,9,8,851.4380960129201,943.0089245641138,-8.617533018026473,52.668436847671956
134,9,8,809.661962783779,973.002793908352,-8.618154426975712,52.66870319614814
135,9,9,912.880361988442,913.0142366860528,-8.616620880454201,52.668172001450465
135,9,9,913.3200696349377,928.8360036645317,-8.616616381637918,52.66831423239582
135,9,9,959.9155229211319,933.4342730788048,-8.615928112263154,52.66835914075029
136,9,10,1027.3128728894517,946.0138818193227,-8.614933319962093,52.66847737283644
136,9,10,1019.1408894174965,994.0678336987039,-8.615060196240504,52.66890862791226
136,9,10,1096.767489179736,957.303250794299,-8.61390794561452,52.668584158169445
137,9,11,1140.636117371847,990.7798515828326,-8.613263615462095,52.668888384551984
137,9,11,1163.8513107006438,903.6839734299574,-8.61290945303284,52.668107390672226
137,9,11,1141.1241178474156,927.2148602873785,-8.613248402964556,52.668317135228186
138,9,12,1252.0249343969626,982.9689050053712,-8.61161588010814,52.6688266931626
138,9,12,1294.6136714345776,951.1599431793438,-8.610982268023058,52.66854405918042
138,9,12,1244.5999755691737,914.1292408801382,-8.611717009406604,52.668207434026094
139,9,13,1318.288556601503,930.6210562248016,-8.61062969161161,52.668361270744604
139,9,13,1360.523890892393,941.9903963793768,-8.610006721168425,52.668466667268085
139,9,13,1339.5565713844262,992.3913201447576,-8.610323007232909,52.66891804713428
140,10,0,8.901304136379622,1000.0746874489123,-8.629996163299914,52.66888417015684
140,10,0,76.96577306790277,1061.828974107746,-8.628997881777126,52.669444525751445
140,10,0,95.36366914096288,1059.4568162211217,-8.6287255815076,52.669424649305455
141,10,1,188.80028665240388,1099.7676550609758,-8.627349404895375,52.66979425905991
141,10,1,151.35326067823917,1094.6646832132246,-8.627902368323667,52.669745464971484
141,10,1,100.49587521608919,1045.7969436715357,-8.628647945140777,52.66930228482656
142,10,2,279.9564419068629,1078.415965596796,-8.625998999570843,52.669609487900026
142,10,2,281.04056724510156,1023.1441610490438,-8.625975872792521,52.66911282168838
142,10,2,247.9319730178686,1066.8419778374955,-8.626470963179617,52.66950296614222
143,10,3,348.76771717809606,1095.112369543407,-8.624983831108045,52.66976491408429
143,10,3,374.746250267257,1042.4666262073442,-8.624593014872023,52.66929378918363
143,10,3,364.4114018343389,1025.0599157183897,-8.624743573463402,52.66913654249076
144,10,4,408.24279165209737,1024.8093320537591,-8.624095542670448,52.66913770419592
144,10,4,421.6161115547875,1038.5861791139469,-8.62389959646766,52.66926256341948
144,10,4,475.01860798790585,1009.1834253766574,-8.623106338015695,52.669002461565626
145,10,5,574.396666959743,1049.9849714399315,-8.62164235110645,52.66937687712615
145,10,5,571.5059530981816,1043.6504170097178,-8.62168427935738,52.66931972163498
145,10,5,592.3403320333455,1042.710073496215,-8.621376144728895,52.669312885547086
146,10,6,655.659884152119,1022.4411896560341,-8.620437450405364,52.66913562432135
146,10,6,628.6473621854093,1054.677562595345,-8.620840907343938,52.669423255270914
146,10,6,620.2366954915924,1079.40031332348,-8.62096840059698,52.669644797815664
147,10,7,761.8283527554013,1050.9588747430826,-8.618871486493394,52.669400130857646
147,10,7,748.8279543052195,1091.1630915959831,-8.619068791151422,52.66976045975875
147,10,7,772.3317315097665,1055.8417353525292,-8.618716824410983,52.66944482591958
148,10,8,844.9397905685473,1073.229287745664,-8.617645589078096,52.66960669397277
148,10,8,880.1803837425541,1022.2011469607241,-8.617118128304229,52.66915079573613
148,10,8,846.0234907577978,1073.6930992268026,-8.617629626352445,52.669610945935034
149,10,9,926.7492772863479,1026.8612238470232,-8.61643024680493,52.66919626048471
149,10,9,991.6945288386196,1014.7209504642524,-8.615468567016125,52.66909214019815
149,10,9,983.175541692297,1097.0087737394497,-8.615604904614067,52.66983104272138
150,10,10,1058.1785767753609,1096.0620914325118,-8.614495928614057,52.66982828848776
150,10,10,1001.5097490521148,1057.3357763431268,-8.61532883993981,52.66947589167832
150,10,10,1098.2517357519828,1017.7015847529983,-8.613893610404727,52.66912709823728
151,10,11,1126.144912088639,1066.307353245793,-8.613487358077586,52.669566074794275
151,10,11,1109.851734948461,1027.922162906034,-8.61372340392488,52.66921984318248
151,10,11,1164.367688918719,1037.9152063481743,-8.612918699212633,52.669313825581156
152,10,12,1238.4530311656417,1022.0223032196518,-8.611821427188001,52.669176647832835
152,10,12,1296.8784017825965,1060.9442845622543,-8.610962548798684,52.66953091248312
152,10,12,1265.1203308511758,1053.2288560004672,-8.611431094247612,52.66945914939154
153,10,13,1348.3945069367765,1081.4096352893393,-8.61020349352738,52.66971876713823
153,10,13,1351.8198105808115,1000.5918264209758,-8.610142735803594,52.66899268216368
153,10,13,1330.1529587464174,1024.175035639666,-8.610466009954642,52.66920298560429
154,11,0,40.601530201151036,1113.6157266257796,-8.629542179498102,52.6699071004249
154,11,0,32.74529453809373,1102.829564584652,-8.629656933670454,52.669809543779216
154,11,0,55.892780076595955,1111.6901095444337,-8.629315862850804,52.669890994635196
155,11,1,184.73422832600772,1106.9713123699185,-8.627410445299745,52.66985868313441
155,11,1,177.27129260776564,1103.626175827696,-8.627520347605707,52.66982803491091
155,11,1,163.35139570524916,1120.2122782897204,-8.627728277304666,52.669976011375674
156,11,2,233.68293463729788,1108.215004881611,-8.626686941070457,52.669873689173194
156,11,2,200.9576440290548,1117.3536490792176,-8.627171932248025,52.66995326289545
156,11,2,262.94181575940456,1101.163415019284,-8.626253467605494,52.66981259992391
157,11,3,394.61136774683837,1107.933618906187,-8.624307716021395,52.66988371590047
157,11,3,396.3213133759564,1108.6997054421809,-8.62428253406228,52.66989073419652
157,11,3,306.61294698517304,1109.1222729743458,-8.625608850001878,52.66988753909931
158,11,4,436.27890772768296,1119.919768562424,-8.623693230779436,52.66999468360976
158,11,4,488.2241581182461,1112.770074664033,-8.622924348557847,52.66993446489078
158,11,4,410.8551828187192,1119.0711073997663,-8.624068991190994,52.66998507789346
159,11,5,575.0001859000186,1112.8555430900306,-8.62164144775693,52.6699419685249
159,11,5,573.4518753020093,1108.4937665613834,-8.621663781883266,52.669902647326495
159,11,5,580.1981326376554,1112.416004708386,-8.621564544345274,52.66993842122657
160,11,6,616.0453945889603,1110.5992117908318,-8.621034340636196,52.66992487097593
160,11,6,681.6742150253849,1104.4536052384647,-8.620063290905096,52.66987471764807
160,11,6,685.212799117784,1111.190737783094,-8.620011832995965,52.669935540814535
161,11,7,767.5014094639337,1109.261191285681,-8.618795018367535,52.66992455678009
161,11,7,737.6237603741465,1104.3178466560785,-8.619236106704282,52.669877821911825
161,11,7,724.0814371332526,1107.4701566654257,-8.619436719225751,52.66990510690776
162,11,8,844.8755219070008,1112.966055793222,-8.617651575112971,52.66996382054062
162,11,8,841.7976423490327,1112.081102687749,-8.617696966919187,52.66995562995101
162,11,8,843.5653726035962,1107.0186506609898,-8.61767019086247,52.66991026770261
163,11,9,978.0199226109544,1114.5062131654704,-8.615683336499405,52.66998790392623
163,11,9,990.3877897970378,1100.3303143383237,-8.615498697100527,52.6698614486084
163,11,9,915.4577377070673,1114.043492910103,-8.616608210124557,52.669978937113
164,11,10,1020.393553103786,1101.8195131554967,-8.615055274852217,52.66987713549164
164,11,10,1005.9893439929001,1113.7805071019102,-8.615269739138876,52.66998352891283
164,11,10,1056.8548689890886,1111.6504610497504,-8.61451746403651,52.66996828652561
165,11,11,1167.0223681794014,1107.5976628994104,-8.612888215219867,52.669940295475506
165,11,11,1118.276990233804,1106.8572173489956,-8.613608783273731,52.66992991211314
165,11,11,1102.463123297668,1102.0794440658065,-8.613841976767592,52.66988576158633
166,11,12,1272.4281354660634,1105.023852899205,-8.611329552187394,52.66992521126942
166,11,12,1262.0259211168159,1104.5413548240904,-8.611483280042883,52.66992008154504
166,11,12,1201.5556273570983,1103.4717370135477,-8.612377150189012,52.6699058528414
167,11,13,1357.3327204831876,1106.3407914895797,-8.610074470603921,52.66994351477221
167,11,13,1305.6689677922986,1112.1956341587938,-8.610839011975767,52.66999220094649
167,11,13,1344.7512528089574,1101.386817773804,-8.610259857313974,52.66989803365519
